{"timestamp": 1768570508.022063, "values": {"wrist-bend": 0.26614396473955826, "forearm-angle": 0.385986534805387, "elbow-height": 0.5132979362031729}}