{"timestamp": 1768573422.399523, "values": {"wrist-bend": 0.2517744587943473, "forearm-angle": 0.6378214727055898, "elbow-height": 0.4804992837314248}}