{"timestamp": 1768565288.970279, "values": {"wrist-bend": 0.026984777260013082, "forearm-angle": 0.14470264351566375, "elbow-height": 0.33329106811410236}}